ALTER TYPE species ADD VALUE 'ferret';
UPDATE animal SET species = 'cat' WHERE species = 'parrot';
UPDATE animal SET species = 'cat' WHERE species = 'snake';
UPDATE animal SET species = 'ferret' WHERE species = 'hamster';
ALTER TYPE species RENAME TO species_old;

CREATE TYPE species AS ENUM ('dog', 'cat', 'ferret');
ALTER TABLE animal ALTER COLUMN species TYPE species USING species::text::species;
DROP TYPE species_old;

ALTER TABLE animal DROP COLUMN breed;
DROP type breed;

CREATE TABLE breed (
    id INTEGER PRIMARY KEY,
    code VARCHAR(7),
    species species,
    UNIQUE (id, code)
);

INSERT INTO breed (id, species, code)
VALUES
(360, 'cat', 'ABY'),
(389, 'cat', 'ABL'),
(351, 'cat', 'ACS/ACL'),
(392, 'cat', 'AMW'),
(391, 'cat', 'AMS'),
(390, 'cat', 'ABS'),
(393, 'cat', 'AUM'),
(383, 'cat', 'BAL'),
(361, 'cat', 'BEN'),
(356, 'cat', 'SBI'),
(396, 'cat', 'BRX'),
(394, 'cat', 'BOL'),
(395, 'cat', 'BOS'),
(421, 'cat', 'BLH'),
(363, 'cat', 'BRI'),
(362, 'cat', 'BML'),
(364, 'cat', 'BUR'),
(397, 'cat', 'CEY'),
(399, 'cat', 'CYM'),
(367, 'cat', 'DRX'),
(368, 'cat', 'DSP'),
(376, 'cat', 'MAU'),
(349, 'cat', 'EXO'),
(431, 'cat', 'ELF'),
(369, 'cat', 'EUR'),
(384, 'cat', 'OLH'),
(371, 'cat', 'JBT'),
(398, 'cat', 'CLS'),
(420, 'cat', 'CAS'),
(365, 'cat', 'CHA'),
(374, 'cat', 'KOR'),
(366, 'cat', 'CRX'),
(372, 'cat', 'KBL'),
(373, 'cat', 'KBS'),
(400, 'cat', 'LPL'),
(401, 'cat', 'LPS'),
(375, 'cat', 'MAN'),
(352, 'cat', 'MCO'),
(435, 'cat', 'MB'),
(416, 'cat', 'MK'),
(353, 'cat', 'NEM'),
(402, 'cat', 'NEB'),
(354, 'cat', 'NFO'),
(377, 'cat', 'OCI'),
(350, 'cat', 'PER'),
(405, 'cat', 'PEB'),
(403, 'cat', 'PBL'),
(404, 'cat', 'PBS'),
(355, 'cat', 'RAG'),
(378, 'cat', 'RUS'),
(419, 'cat', 'SAV'),
(387, 'cat', 'SYL'),
(388, 'cat', 'SYS'),
(409, 'cat', 'SRL'),
(410, 'cat', 'SRS'),
(382, 'cat', 'SPH'),
(386, 'cat', 'SIA'),
(357, 'cat', 'SIB'),
(408, 'cat', 'SIN'),
(379, 'cat', 'SNO'),
(380, 'cat', 'SOK'),
(381, 'cat', 'SOM'),
(411, 'cat', 'STE'),
(406, 'cat', 'SFL'),
(407, 'cat', 'SFS'),
(417, 'cat', 'SST'),
(412, 'cat', 'THA'),
(413, 'cat', 'TIF'),
(414, 'cat', 'TOL'),
(415, 'cat', 'TOS'),
(385, 'cat', 'OSH'),
(358, 'cat', 'TUA'),
(359, 'cat', 'TUV'),
(418, 'cat', 'UL'),
(370, 'cat', 'GRX'),
(422, 'ferret', 'ŠN'),
(12, 'dog', 'AP'),
(8, 'dog', 'AH'),
(167, 'dog', 'HO'),
(176, 'dog', 'IRS'),
(177, 'dog', 'IS'),
(178, 'dog', 'IT'),
(182, 'dog', 'iws'),
(181, 'dog', 'IWH'),
(10, 'dog', 'AK'),
(11, 'dog', 'AM'),
(6, 'dog', 'ADB'),
(158, 'dog', 'GJD'),
(2, 'dog', 'AB'),
(3, 'dog', 'AC'),
(346, 'dog', 'PIT'),
(18, 'dog', 'AST'),
(312, 'dog', 'TFT'),
(20, 'dog', 'AVS'),
(17, 'dog', 'asd'),
(136, 'dog', 'EB'),
(7, 'dog', 'AF'),
(92, 'dog', 'CS'),
(139, 'dog', 'EP'),
(140, 'dog', 'ES'),
(142, 'dog', 'ESS'),
(143, 'dog', 'ET'),
(13, 'dog', 'APM'),
(267, 'dog', 'RPG'),
(14, 'dog', 'APS'),
(5, 'dog', 'AD'),
(15, 'dog', 'ARB'),
(25, 'dog', 'BAN'),
(160, 'dog', 'GR'),
(16, 'dog', 'AS'),
(4, 'dog', 'ACD'),
(284, 'dog', 'SiT'),
(19, 'dog', 'AT'),
(22, 'dog', 'AZP'),
(21, 'dog', 'Az'),
(26, 'dog', 'BAR'),
(34, 'dog', 'BeC'),
(24, 'dog', 'Ba'),
(39, 'dog', 'BH'),
(38, 'dog', 'BG'),
(62, 'dog', 'BT'),
(57, 'dog', 'BSG'),
(58, 'dog', 'BSL'),
(59, 'dog', 'BSM'),
(61, 'dog', 'BST'),
(154, 'dog', 'GBE'),
(88, 'dog', 'CPB'),
(276, 'dog', 'SBH'),
(56, 'dog', 'BS'),
(40, 'dog', 'BIG'),
(42, 'dog', 'BYT'),
(43, 'dog', 'Bl'),
(234, 'dog', 'OES'),
(47, 'dog', 'BOL'),
(55, 'dog', 'BRT'),
(30, 'dog', 'BC'),
(23, 'dog', 'B'),
(27, 'dog', 'BB'),
(48, 'dog', 'BoT'),
(155, 'dog', 'GBR'),
(147, 'dog', 'FB'),
(311, 'dog', 'TB'),
(33, 'dog', 'BE'),
(36, 'dog', 'BFB'),
(37, 'dog', 'BFG'),
(54, 'dog', 'BRS'),
(31, 'dog', 'BdB'),
(153, 'dog', 'GB'),
(53, 'dog', 'BRH'),
(46, 'dog', 'BO'),
(44, 'dog', 'BM'),
(65, 'dog', 'BuT'),
(52, 'dog', 'BrB'),
(45, 'dog', 'BMS'),
(83, 'dog', 'CHP'),
(344, 'dog', 'ZS'),
(95, 'dog', 'CSV'),
(98, 'dog', 'ČF'),
(100, 'dog', 'ČT'),
(73, 'dog', 'CBR'),
(74, 'dog', 'CC'),
(82, 'dog', 'ChL'),
(81, 'dog', 'ChK'),
(102, 'dog', 'Da'),
(123, 'dog', 'DSF'),
(106, 'dog', 'DDT'),
(68, 'dog', 'CaD'),
(108, 'dog', 'DH'),
(101, 'dog', 'D'),
(107, 'dog', 'DDV'),
(121, 'dog', 'DRP'),
(120, 'dog', 'DR'),
(186, 'dog', 'JRT'),
(141, 'dog', 'ESK'),
(144, 'dog', 'ETS'),
(9, 'dog', 'AiT'),
(135, 'dog', 'EA'),
(138, 'dog', 'EH'),
(145, 'dog', 'EU'),
(146, 'dog', 'F'),
(247, 'dog', 'PH'),
(149, 'dog', 'FS'),
(32, 'dog', 'BdF'),
(49, 'dog', 'BPF'),
(77, 'dog', 'CCR'),
(28, 'dog', 'BBG'),
(157, 'dog', 'GH'),
(165, 'dog', 'HG'),
(164, 'dog', 'HB'),
(163, 'dog', 'H'),
(175, 'dog', 'IP'),
(171, 'dog', 'IBS'),
(170, 'dog', 'IBC'),
(89, 'dog', 'CR'),
(133, 'dog', 'DZL'),
(117, 'dog', 'DNL'),
(112, 'dog', 'DKL'),
(174, 'dog', 'IM'),
(172, 'dog', 'ICE'),
(173, 'dog', 'IFH'),
(348, 'dog', 'SAL'),
(156, 'dog', 'GE'),
(217, 'dog', 'ME'),
(180, 'dog', 'IVS'),
(169, 'dog', 'IB'),
(293, 'dog', 'SPI'),
(430, 'dog', 'IH'),
(110, 'dog', 'DJT'),
(184, 'dog', 'JC'),
(183, 'dog', 'J'),
(187, 'dog', 'JS'),
(188, 'dog', 'JT'),
(179, 'dog', 'YT'),
(86, 'dog', 'coo'),
(79, 'dog', 'CD'),
(104, 'dog', 'DC'),
(192, 'dog', 'KCS'),
(196, 'dog', 'KLL'),
(190, 'dog', 'KAA'),
(432, 'dog', 'CLD'),
(252, 'dog', 'PPC'),
(197, 'dog', 'KO'),
(78, 'dog', 'CCS'),
(193, 'dog', 'KE'),
(191, 'dog', 'KBT'),
(96, 'dog', 'CT'),
(194, 'dog', 'KEE'),
(75, 'dog', 'CCD'),
(433, 'dog', 'KI'),
(84, 'dog', 'CLS'),
(189, 'dog', 'K'),
(76, 'dog', 'CCI'),
(198, 'dog', 'KOG'),
(91, 'dog', 'crs'),
(199, 'dog', 'KRO'),
(114, 'dog', 'DKV'),
(200, 'dog', 'KUV'),
(97, 'dog', 'CWT'),
(209, 'dog', 'LR'),
(202, 'dog', 'La'),
(203, 'dog', 'LH'),
(208, 'dog', 'LPP'),
(204, 'dog', 'Lha'),
(212, 'dog', 'LVS'),
(205, 'dog', 'LKT'),
(87, 'dog', 'CP'),
(206, 'dog', 'LO'),
(159, 'dog', 'GP'),
(235, 'dog', 'ON'),
(201, 'dog', 'L'),
(248, 'dog', 'PLI'),
(210, 'dog', 'LS'),
(148, 'dog', 'FCR'),
(80, 'dog', 'CDB'),
(216, 'dog', 'MB'),
(219, 'dog', 'MT'),
(214, 'dog', 'MAA'),
(213, 'dog', 'M'),
(69, 'dog', 'CaM'),
(223, 'dog', 'MZG'),
(339, 'dog', 'XOM'),
(340, 'dog', 'XoS'),
(341, 'dog', 'XOV'),
(345, 'dog', 'MŠ'),
(272, 'dog', 'S'),
(221, 'dog', 'MUN'),
(218, 'dog', 'Mo'),
(220, 'dog', 'Mu'),
(231, 'dog', 'NSR'),
(215, 'dog', 'MaN'),
(224, 'dog', 'N'),
(63, 'dog', 'Bum'),
(343, 'dog', 'ZP'),
(70, 'dog', 'CaN'),
(228, 'dog', 'NOR'),
(230, 'dog', 'NRT'),
(225, 'dog', 'NB'),
(227, 'dog', 'NL'),
(229, 'dog', 'NPL'),
(232, 'dog', 'NW'),
(166, 'dog', 'HHH'),
(195, 'dog', 'KH'),
(233, 'dog', 'OB'),
(238, 'dog', 'PA'),
(256, 'dog', 'PRT'),
(237, 'dog', 'P'),
(244, 'dog', 'PDD'),
(245, 'dog', 'PDM'),
(255, 'dog', 'PPV'),
(347, 'dog', 'PO'),
(239, 'dog', 'PAB'),
(185, 'dog', 'JO'),
(240, 'dog', 'PB'),
(137, 'dog', 'EBP'),
(119, 'dog', 'DP'),
(50, 'dog', 'BPL'),
(51, 'dog', 'BPT'),
(85, 'dog', 'CMP'),
(250, 'dog', 'PM'),
(236, 'dog', 'OP'),
(251, 'dog', 'POE'),
(257, 'dog', 'PS'),
(93, 'dog', 'CSA'),
(243, 'dog', 'PCP'),
(242, 'dog', 'PCM'),
(249, 'dog', 'PLP'),
(71, 'dog', 'CAP'),
(261, 'dog', 'PZ'),
(35, 'dog', 'BF'),
(258, 'dog', 'PUL'),
(259, 'dog', 'PUM'),
(323, 'dog', 'VEO'),
(325, 'dog', 'VL'),
(269, 'dog', 'RS'),
(268, 'dog', 'RR'),
(271, 'dog', 'RVŠ'),
(262, 'dog', 'R'),
(90, 'dog', 'CRM'),
(265, 'dog', 'RL'),
(66, 'dog', 'Bz'),
(99, 'dog', 'ČRT'),
(263, 'dog', 'RCB'),
(264, 'dog', 'RG'),
(270, 'dog', 'RUS'),
(320, 'dog', 'TTI'),
(319, 'dog', 'TT'),
(275, 'dog', 'SAL'),
(273, 'dog', 'Sa'),
(290, 'dog', 'SMB'),
(274, 'dog', 'SAA'),
(301, 'dog', 'SUS'),
(299, 'dog', 'StB'),
(280, 'dog', 'SH'),
(285, 'dog', 'SK'),
(283, 'dog', 'SIH'),
(287, 'dog', 'SKT'),
(67, 'dog', 'C'),
(286, 'dog', 'SKP'),
(289, 'dog', 'SLO'),
(298, 'dog', 'STA'),
(277, 'dog', 'SBT'),
(294, 'dog', 'SPK'),
(296, 'dog', 'SSK'),
(288, 'dog', 'SLK'),
(279, 'dog', 'SD'),
(303, 'dog', 'ŠAR'),
(292, 'dog', 'SP'),
(295, 'dog', 'SS'),
(297, 'dog', 'ST'),
(282, 'dog', 'SI'),
(304, 'dog', 'ŠI'),
(281, 'dog', 'SHH'),
(307, 'dog', 'ŠP'),
(152, 'dog', 'FTW'),
(134, 'dog', 'DZR'),
(118, 'dog', 'DNR'),
(113, 'dog', 'DKR'),
(161, 'dog', 'GS'),
(278, 'dog', 'ScT'),
(241, 'dog', 'PCL'),
(305, 'dog', 'šl'),
(306, 'dog', 'ŠLK'),
(302, 'dog', 'SV'),
(29, 'dog', 'BBS'),
(162, 'dog', 'GSS'),
(308, 'dog', 'T'),
(318, 'dog', 'TRD'),
(310, 'dog', 'TAZ'),
(316, 'dog', 'TM'),
(314, 'dog', 'TiS'),
(315, 'dog', 'TiT'),
(72, 'dog', 'CaT'),
(317, 'dog', 'To'),
(151, 'dog', 'FTS'),
(94, 'dog', 'CSm'),
(132, 'dog', 'DZK'),
(116, 'dog', 'DNK'),
(111, 'dog', 'DKK'),
(321, 'dog', 'TuB'),
(322, 'dog', 'US'),
(342, 'dog', 'ZL'),
(331, 'dog', 'WHT'),
(333, 'dog', 'WKK'),
(334, 'dog', 'WKP'),
(337, 'dog', 'WSS'),
(338, 'dog', 'WT'),
(130, 'dog', 'DVB'),
(131, 'dog', 'DVG'),
(222, 'dog', 'MVB'),
(335, 'dog', 'wl'),
(332, 'dog', 'WK'),
(324, 'dog', 'VK'),
(115, 'dog', 'DMV'),
(266, 'dog', 'RMV'),
(291, 'dog', 'SO'),
(330, 'dog', 'W'),
(122, 'dog', 'DS'),
(126, 'dog', 'DSL'),
(103, 'dog', 'DB'),
(124, 'dog', 'DSG'),
(105, 'dog', 'DD'),
(125, 'dog', 'DSK'),
(129, 'dog', 'DSZ'),
(336, 'dog', 'WS'),
(127, 'dog', 'DSM'),
(128, 'dog', 'DSP'),
(326, 'dog', 'VO');

CREATE TABLE breed_translations(
    id SERIAL PRIMARY KEY,
    breed INTEGER REFERENCES breed(id) NOT NULL,
    language VARCHAR(4),
    translation VARCHAR(50)
);

COMMENT ON COLUMN breed_translations.language is 'Language code based on BCP 47';

INSERT INTO breed_translations (breed, language, translation) VALUES
(360, 'lt', 'Abisinijos katės'),
(389, 'lt', 'Amerikos ilgaplaukiai bobteilai'),
(351, 'lt', 'Amerikos riestaausės'),
(392, 'lt', 'Amerikos šiurkščiaplaukės'),
(391, 'lt', 'Amerikos trumpaplaukės'),
(390, 'lt', 'Amerikos trumpaplaukiai bobteilai'),
(393, 'lt', 'Australijos miglos katės'),
(383, 'lt', 'Balio katės'),
(361, 'lt', 'Bengalijos katės'),
(356, 'lt', 'Birmos katės'),
(396, 'lt', 'Bohemijos reksai'),
(394, 'lt', 'Bombėjaus ilgaplaukės'),
(395, 'lt', 'Bombėjaus trumpaplaukės'),
(421, 'lt', 'Britų ilgaplaukės'),
(363, 'lt', 'Britų trumpaplaukės'),
(362, 'lt', 'Burmilos'),
(364, 'lt', 'Burmos katės'),
(397, 'lt', 'Ceilono katės'),
(399, 'lt', 'Cymric'),
(367, 'lt', 'Devonreksai'),
(368, 'lt', 'Dono sfinksai'),
(376, 'lt', 'Egipto mau katės'),
(349, 'lt', 'Egzotai'),
(431, 'lt', 'Elfai'),
(369, 'lt', 'Europos trumpaplaukės'),
(384, 'lt', 'Ilgaplaukiai orientalai (Rytų ilgaplaukės)'),
(371, 'lt', 'Japonų trumpauodegės'),
(398, 'lt', 'Kalifornijos žvaigždėtosios'),
(420, 'lt', 'Kanados sfinksai'),
(365, 'lt', 'Kartezianinės katės'),
(374, 'lt', 'Koratai'),
(366, 'lt', 'Kornvalio reksai'),
(372, 'lt', 'Kurilų trumpauodegės ilgaplaukės'),
(373, 'lt', 'Kurilų trumpauodegės trumpaplaukės'),
(400, 'lt', 'Lapermo ilgaplaukės'),
(401, 'lt', 'Lapermo trumpaplaukės'),
(375, 'lt', 'Manksų katės'),
(352, 'lt', 'Meino meškėnai'),
(435, 'lt', 'Mekongo bobteilai'),
(416, 'lt', 'Mišrūnės'),
(353, 'lt', 'Nevos maskaradinės'),
(402, 'lt', 'Nibelungai'),
(354, 'lt', 'Norvegų miškinės'),
(377, 'lt', 'Oksikatai'),
(350, 'lt', 'Persų katės'),
(405, 'lt', 'Peterburgo sfinksai'),
(403, 'lt', 'Piksibobai (ilgaplaukiai)'),
(404, 'lt', 'Piksibobai (trumpaplaukiai)'),
(355, 'lt', 'Regdolai arba skudurinės lėlės'),
(378, 'lt', 'Rusų melsvosios'),
(419, 'lt', 'Savanos katės'),
(387, 'lt', 'Seišelių ilgaplaukės'),
(388, 'lt', 'Seišelių trumpaplaukės'),
(409, 'lt', 'Selkirkreksai (ilgaplaukiai)'),
(410, 'lt', 'Selkirkreksai (trumpaplaukiai)'),
(382, 'lt', 'Sfinksai'),
(386, 'lt', 'Siamo katės'),
(357, 'lt', 'Sibiro katės'),
(408, 'lt', 'Singapūro katės'),
(379, 'lt', 'Sniego letenėlės'),
(380, 'lt', 'Sokokės'),
(381, 'lt', 'Somalio katės'),
(411, 'lt', 'Sterlingai'),
(406, 'lt', 'Škotų nulėpausiai ilgaplaukiai'),
(407, 'lt', 'Škotų nulėpausiai trumpaplaukiai'),
(417, 'lt', 'Škotų stačiaausiai'),
(412, 'lt', 'Tailando'),
(413, 'lt', 'Tifanės'),
(414, 'lt', 'Tonkino ilgaplaukės'),
(415, 'lt', 'Tonkino trumpaplaukės'),
(385, 'lt', 'Trumpaplaukiai orientalai (Rytų trumpaplaukės)'),
(358, 'lt', 'Turkų angoros katės'),
(359, 'lt', 'Turkų vanai'),
(418, 'lt', 'Ukrainos levkojai'),
(370, 'lt', 'Vokiečių reksai'),
(422, 'lt', 'Naminiai šeškai'),
(12, 'lt', 'Afenpinčeriai'),
(8, 'lt', 'Afganų kurtai'),
(167, 'lt', 'Ainų špicai'),
(176, 'lt', 'Airių raudadėmiai seteriai'),
(177, 'lt', 'Airių seteriai'),
(178, 'lt', 'Airių terjerai'),
(182, 'lt', 'Airių vandens spanieliai'),
(181, 'lt', 'Airių volfhaundai'),
(10, 'lt', 'Akitos'),
(11, 'lt', 'Aliaskos malamutai'),
(6, 'lt', 'Alpių daksbrakai'),
(158, 'lt', 'Amerikiečių akitos'),
(2, 'lt', 'Amerikiečių buldogai'),
(3, 'lt', 'Amerikiečių kokerspanieliai'),
(346, 'lt', 'Amerikiečių pitbulterjerai'),
(18, 'lt', 'Amerikiečių Stafordšyro terjerai'),
(312, 'lt', 'Amerikiečių toiterjerai'),
(20, 'lt', 'Amerikiečių vandens spanieliai'),
(17, 'lt', 'Anatolijos karabašai'),
(136, 'lt', 'Anglų buldogai'),
(7, 'lt', 'Anglų fokshaundai'),
(92, 'lt', 'Anglų kokerspanieliai'),
(139, 'lt', 'Anglų pointeriai'),
(140, 'lt', 'Anglų seteriai'),
(142, 'lt', 'Anglų springerspanieliai'),
(143, 'lt', 'Anglų toiterjerai'),
(13, 'lt', 'Anglų-prancūzų mažieji skalikai'),
(267, 'lt', 'Anglų-rusų skalikai'),
(14, 'lt', 'Apencelio zenenhundai'),
(5, 'lt', 'Argentiniečių dogai'),
(15, 'lt', 'Arježo brakai'),
(25, 'lt', 'Artua normandų basetai'),
(160, 'lt', 'Auksaspalviai retriveriai'),
(16, 'lt', 'Australų aviganiai'),
(4, 'lt', 'Australų ganymo šunys'),
(284, 'lt', 'Australų šilkiniai terjerai'),
(19, 'lt', 'Australų terjerai'),
(22, 'lt', 'Austrų pinčeriai'),
(21, 'lt', 'Azavakai'),
(26, 'lt', 'Barbetai'),
(34, 'lt', 'Barzdotieji koliai'),
(24, 'lt', 'Basendžiai'),
(39, 'lt', 'Basethaundai'),
(38, 'lt', 'Bavarų pėdsekiai'),
(62, 'lt', 'Bedlingtono terjerai'),
(57, 'lt', 'Belgų aviganiai griunendaliai'),
(58, 'lt', 'Belgų aviganiai lakenua'),
(59, 'lt', 'Belgų aviganiai malinua'),
(61, 'lt', 'Belgų aviganiai terviurenai'),
(154, 'lt', 'Belgų grifonai'),
(88, 'lt', 'Bergamo aviganiai'),
(276, 'lt', 'Berno skalikai'),
(56, 'lt', 'Berno zenenhundai'),
(40, 'lt', 'Bigliai'),
(42, 'lt', 'Byverio jorkšyro terjerai'),
(43, 'lt', 'Bladhaundai'),
(234, 'lt', 'Bobteilai'),
(47, 'lt', 'Bolonės bišonai'),
(55, 'lt', 'Borderterjerai'),
(30, 'lt', 'Borderkoliai'),
(23, 'lt', 'Bordo dogai'),
(27, 'lt', 'Boseronai'),
(48, 'lt', 'Bostono terjerai'),
(155, 'lt', 'Brabanto grifonai'),
(147, 'lt', 'Brazilų mastifai'),
(311, 'lt', 'Brazilų terjerai'),
(33, 'lt', 'Bretanės epanjoliai'),
(36, 'lt', 'Bretanės rudieji basetai'),
(37, 'lt', 'Bretanės rudieji grifonai'),
(54, 'lt', 'Bretanės spanieliai'),
(31, 'lt', 'Briarai'),
(153, 'lt', 'Briuselio grifonai'),
(53, 'lt', 'Broholmeriai'),
(46, 'lt', 'Bulgarų aviganiai'),
(44, 'lt', 'Bulmastifai'),
(65, 'lt', 'Bulterjerai'),
(52, 'lt', 'Burbonų brakai'),
(45, 'lt', 'Buriatų-mongolų laikos'),
(83, 'lt', 'Chodsko šunys'),
(344, 'lt', 'Cvergšnauceriai'),
(95, 'lt', 'Čekų vilkšuniai'),
(98, 'lt', 'Čekų fousekai'),
(100, 'lt', 'Čekų terjerai'),
(73, 'lt', 'Česapyko retriveriai'),
(74, 'lt', 'Čiau čiau'),
(82, 'lt', 'Čihuahua ilgaplaukiai'),
(81, 'lt', 'Čihuahua trumpaplaukiai'),
(102, 'lt', 'Dalmatinai'),
(123, 'lt', 'Danų-švedų ūkininkų šunys'),
(106, 'lt', 'Dendžio Dinmonto terjerai'),
(68, 'lt', 'Didieji pudeliai'),
(108, 'lt', 'Dirhaundai'),
(101, 'lt', 'Dobermanai'),
(107, 'lt', 'Dratharai'),
(121, 'lt', 'Drentės kurapkiniai šunys'),
(120, 'lt', 'Dreveriai'),
(186, 'lt', 'Džeko Raselo terjerai'),
(141, 'lt', 'Elniniai skalikai'),
(144, 'lt', 'Entelbucho zenenhundai'),
(9, 'lt', 'Erdelio terjerai'),
(135, 'lt', 'Estrelos aviganiai (ilgaplaukiai)'),
(138, 'lt', 'Estų skalikai'),
(145, 'lt', 'Eurazijos špicai'),
(146, 'lt', 'Falenai'),
(247, 'lt', 'Faraonų šunys'),
(149, 'lt', 'Fyldspanieliai'),
(32, 'lt', 'Flamandų buvjė'),
(49, 'lt', 'Garbanotieji bišonai'),
(77, 'lt', 'Garbanotieji retriveriai'),
(28, 'lt', 'Gaskonės žydrieji basetai'),
(157, 'lt', 'Greihaundai'),
(165, 'lt', 'Hanoverio pėdsekiai'),
(164, 'lt', 'Havanos bišonai'),
(163, 'lt', 'Hovavartai'),
(175, 'lt', 'Ibisos šunys'),
(171, 'lt', 'Ibisos šunys (šiurkščiaplaukiai)'),
(170, 'lt', 'Ibisos šunys (trumpaplaukiai)'),
(89, 'lt', 'Ilgaplaukiai koliai'),
(133, 'lt', 'Ilgaplaukiai nykštukiniai taksai'),
(117, 'lt', 'Ilgaplaukiai taksai'),
(112, 'lt', 'Ilgaplaukiai triušiniai taksai'),
(174, 'lt', 'Imalio slėnio terjerai'),
(172, 'lt', 'Islandų aviganiai'),
(173, 'lt', 'Islandų špicai'),
(348, 'lt', 'Ispanų alano'),
(156, 'lt', 'Ispanų kurtai'),
(217, 'lt', 'Ispanų mastifai'),
(180, 'lt', 'Ispanų vandens šunys'),
(169, 'lt', 'Italų brakai'),
(293, 'lt', 'Italų spinonai'),
(430, 'lt', 'Italų trumpaplaukiai skalikai'),
(110, 'lt', 'Jagdterjerai'),
(184, 'lt', 'Japonų činai'),
(183, 'lt', 'Japonų didieji šunys'),
(187, 'lt', 'Japonų špicai'),
(188, 'lt', 'Japonų terjerai'),
(179, 'lt', 'Jorkšyro terjerai'),
(86, 'lt', 'Juodieji kunhaundai'),
(79, 'lt', 'Kanaano šunys'),
(104, 'lt', 'Kanarų dogai'),
(192, 'lt', 'Karaliaus Karolio spanieliai'),
(196, 'lt', 'Karelų lokinės laikos'),
(190, 'lt', 'Karsto aviganiai'),
(432, 'lt', 'Katahulos leopardiniai šunys'),
(252, 'lt', 'Katalonų aviganiai'),
(197, 'lt', 'Kaukazo aviganiai'),
(78, 'lt', 'Kavalieriaus karaliaus Karolio spanieliai'),
(193, 'lt', 'Kelpiai'),
(191, 'lt', 'Keribliūterjerai'),
(96, 'lt', 'Kernterjerai'),
(194, 'lt', 'Keshondai'),
(75, 'lt', 'Kinų kuoduotieji šunys'),
(433, 'lt', 'Kišu'),
(84, 'lt', 'Klamberio spanieliai'),
(189, 'lt', 'Komondorai'),
(76, 'lt', 'Korsikos šunys'),
(198, 'lt', 'Kortalso grifonai'),
(91, 'lt', 'Kroatų aviganiai'),
(199, 'lt', 'Kromforlenderiai'),
(114, 'lt', 'Kurtsharai'),
(200, 'lt', 'Kuvasai'),
(97, 'lt', 'Kviečiaspalviai švelniaplaukiai terjerai'),
(209, 'lt', 'Labradoro retriveriai'),
(202, 'lt', 'Landsyrai'),
(203, 'lt', 'Lankašyro heleriai'),
(208, 'lt', 'Lapių elniaganiai'),
(204, 'lt', 'Lasos apsai'),
(212, 'lt', 'Latvių skalikai'),
(205, 'lt', 'Leiklendo terjerai'),
(87, 'lt', 'Lenkų kurtai'),
(206, 'lt', 'Lenkų ogarai'),
(159, 'lt', 'Lenkų skalikai'),
(235, 'lt', 'Lenkų žemumų aviganiai'),
(201, 'lt', 'Leonbergeriai'),
(248, 'lt', 'Levretės'),
(210, 'lt', 'Lietuvių skalikai'),
(148, 'lt', 'Lygiaplaukiai retriveriai'),
(80, 'lt', 'Maljorkos buldogai'),
(216, 'lt', 'Maltos bišonai'),
(219, 'lt', 'Mančesterio terjerai'),
(214, 'lt', 'Maremano-Abrucio aviganiai'),
(213, 'lt', 'Mastifai'),
(69, 'lt', 'Mažieji pudeliai'),
(223, 'lt', 'Mažieji žydrieji gaskonų skalikai'),
(339, 'lt', 'Meksikiečių plikieji (miniatiūriniai)'),
(340, 'lt', 'Meksikiečių plikieji (standartiniai)'),
(341, 'lt', 'Meksikiečių plikieji (vidutinieji)'),
(345, 'lt', 'Mišrūnai'),
(272, 'lt', 'Mitelšnauceriai'),
(221, 'lt', 'Miunsterio mažieji paukštšuniai'),
(218, 'lt', 'Mopsai'),
(220, 'lt', 'Mudžiai'),
(231, 'lt', 'Naujosios Škotijos retriveriai'),
(215, 'lt', 'Neapolio mastifai'),
(224, 'lt', 'Niūfaundlendai'),
(63, 'lt', 'Nykštukiniai bulterjerai'),
(343, 'lt', 'Nykštukiniai pinčeriai'),
(70, 'lt', 'Nykštukiniai pudeliai'),
(228, 'lt', 'Norboteno špicai'),
(230, 'lt', 'Norfolko terjerai'),
(225, 'lt', 'Norvegų buhundai'),
(227, 'lt', 'Norvegų lundehundai'),
(229, 'lt', 'Norvegų pilkieji špicai'),
(232, 'lt', 'Norvičo terjerai'),
(166, 'lt', 'Olandų aviganiai'),
(195, 'lt', 'Olandų kokerspanieliai'),
(233, 'lt', 'Overnės brakai'),
(238, 'lt', 'Papiljonai'),
(256, 'lt', 'Pastoriaus Raselo terjerai'),
(237, 'lt', 'Pekinai'),
(244, 'lt', 'Peru plikieji šunys (didieji)'),
(245, 'lt', 'Peru plikieji šunys (mažieji)'),
(255, 'lt', 'Peru plikieji šunys (vidutinieji)'),
(347, 'lt', 'Peterburgo orchidėjos'),
(239, 'lt', 'Pietų Afrikos burbuliai'),
(185, 'lt', 'Pietų Rusijos aviganiai'),
(240, 'lt', 'Pikardijos aviganiai'),
(137, 'lt', 'Pikardijos žydrieji epanjoliai'),
(119, 'lt', 'Pinčeriai'),
(50, 'lt', 'Pirėnų aviganiai (ilgaplaukiai)'),
(51, 'lt', 'Pirėnų aviganiai (trumpaplaukiai)'),
(85, 'lt', 'Pirėnų kalnų šunys'),
(250, 'lt', 'Pirėnų mastifai'),
(236, 'lt', 'Podhalės aviganiai'),
(251, 'lt', 'Pont Odmero epanjoliai'),
(257, 'lt', 'Porcelianiniai skalikai'),
(93, 'lt', 'Portugalų aviganiai'),
(243, 'lt', 'Portugalų podengai (šiurkščiaplaukiai mažieji)'),
(242, 'lt', 'Portugalų podengai (šiurkščiaplaukiai vidutinieji)'),
(249, 'lt', 'Portugalų podengai (trumpaplaukiai mažieji)'),
(71, 'lt', 'Portugalų vandens šunys'),
(261, 'lt', 'Prahos žiurkučiai'),
(35, 'lt', 'Prancūzų buldogai'),
(258, 'lt', 'Puliai'),
(259, 'lt', 'Pumiai'),
(323, 'lt', 'Rytų Europos aviganiai'),
(325, 'lt', 'Rytų Sibiro laikos'),
(269, 'lt', 'Ryzenšnauceriai'),
(268, 'lt', 'Rodezijos ridžbekai'),
(271, 'lt', 'Romanijos vandens šunys'),
(262, 'lt', 'Rotveileriai'),
(90, 'lt', 'Rumunų Mioritijos aviganiai'),
(265, 'lt', 'Rusų europinės laikos'),
(66, 'lt', 'Rusų ilgaplaukiai kurtai'),
(99, 'lt', 'Rusų juodieji terjerai'),
(263, 'lt', 'Rusų margieji bišonai'),
(264, 'lt', 'Rusų skalikai'),
(270, 'lt', 'Rusų spanieliai'),
(320, 'lt', 'Rusų žaisliukai (ilgaplaukiai)'),
(319, 'lt', 'Rusų žaisliukai (trumpaplaukiai)'),
(275, 'lt', 'Saliukiai'),
(273, 'lt', 'Samojedai'),
(290, 'lt', 'San Migelio bandganiai'),
(274, 'lt', 'Sarloso vilkšuniai'),
(301, 'lt', 'Sasekso spanieliai'),
(299, 'lt', 'Senbernarai'),
(280, 'lt', 'Sibiro haskiai'),
(285, 'lt', 'Sicilijos kurtai'),
(283, 'lt', 'Silihemo terjerai'),
(287, 'lt', 'Skajaus terjerai'),
(67, 'lt', 'Slovakų kuvačiai'),
(286, 'lt', 'Slovakų skalikai'),
(289, 'lt', 'Slugiai'),
(298, 'lt', 'Stabihaunai'),
(277, 'lt', 'Stafordšyro bulterjerai'),
(294, 'lt', 'Suomių laikos'),
(296, 'lt', 'Suomių skalikai'),
(288, 'lt', 'Suomių-lapių špicai'),
(279, 'lt', 'Šapendojai'),
(303, 'lt', 'Šar Planinos aviganiai'),
(292, 'lt', 'Šarpėjai'),
(295, 'lt', 'Šelčiai'),
(297, 'lt', 'Ši cu'),
(282, 'lt', 'Šibos'),
(304, 'lt', 'Šikoku'),
(281, 'lt', 'Šilerio skalikai'),
(307, 'lt', 'Šiperkai'),
(152, 'lt', 'Šiurkščiaplaukiai foksterjerai'),
(134, 'lt', 'Šiurkščiaplaukiai nykštukiniai taksai'),
(118, 'lt', 'Šiurkščiaplaukiai taksai'),
(113, 'lt', 'Šiurkščiaplaukiai triušiniai taksai'),
(161, 'lt', 'Škotų seteriai'),
(278, 'lt', 'Škotų terjerai'),
(241, 'lt', 'Šunys liūtukai'),
(305, 'lt', 'Švedų laikos'),
(306, 'lt', 'Švedų-lapių špicai'),
(302, 'lt', 'Švedų valhundai'),
(29, 'lt', 'Šveicarų baltieji aviganiai'),
(162, 'lt', 'Šveicarų didieji zenenhundai'),
(308, 'lt', 'Taiganai'),
(318, 'lt', 'Tailando ridžbekai'),
(310, 'lt', 'Tazai'),
(316, 'lt', 'Tibeto mastifai'),
(314, 'lt', 'Tibeto spanieliai'),
(315, 'lt', 'Tibeto terjerai'),
(72, 'lt', 'Toipudeliai'),
(317, 'lt', 'Tozos'),
(151, 'lt', 'Trumpaplaukiai foksterjerai'),
(94, 'lt', 'Trumpaplaukiai koliai'),
(132, 'lt', 'Trumpaplaukiai nykštukiniai taksai'),
(116, 'lt', 'Trumpaplaukiai taksai'),
(111, 'lt', 'Trumpaplaukiai triušiniai taksai'),
(321, 'lt', 'Tulearo bišonai'),
(322, 'lt', 'Ūdriniai skalikai'),
(342, 'lt', 'Vakarų Sibiro laikos'),
(331, 'lt', 'Vakarų Škotijos baltieji terjerai'),
(333, 'lt', 'Valų korgiai kardiganai'),
(334, 'lt', 'Valų korgiai pembrukai'),
(337, 'lt', 'Valų springerspanieliai'),
(338, 'lt', 'Valų terjerai'),
(130, 'lt', 'Vandėjos didieji basetai grifonai'),
(131, 'lt', 'Vandėjos didieji grifonai'),
(222, 'lt', 'Vandėjos mažieji basetai grifonai'),
(335, 'lt', 'Veimaro ilgaplaukiai paukštšuniai'),
(332, 'lt', 'Veimaro trumpaplaukiai paukštšuniai'),
(324, 'lt', 'Vengrų kurtai'),
(115, 'lt', 'Vengrų šiurkščiaplaukiai vižlai'),
(266, 'lt', 'Vengrų trumpaplaukiai vižlai'),
(291, 'lt', 'Vidurinės Azijos aviganiai'),
(330, 'lt', 'Vipetai'),
(122, 'lt', 'Vokiečių aviganiai'),
(126, 'lt', 'Vokiečių aviganiai (ilgaplaukiai)'),
(103, 'lt', 'Vokiečių bokseriai'),
(124, 'lt', 'Vokiečių didieji špicai'),
(105, 'lt', 'Vokiečių dogai'),
(125, 'lt', 'Vokiečių mažieji špicai'),
(129, 'lt', 'Vokiečių nykštukiniai špicai'),
(336, 'lt', 'Vokiečių spanieliai'),
(127, 'lt', 'Vokiečių vidutinieji špicai'),
(128, 'lt', 'Volfšpicai keshondai'),
(326, 'lt', 'Volpinai');

ALTER TABLE animal ADD COLUMN breed INTEGER REFERENCES breed(id);

UPDATE animal SET breed = 205 WHERE name = 'Haskelis';
UPDATE animal SET breed = 268 WHERE name = 'Jupyteris';
UPDATE animal SET breed = 389 WHERE name = 'Murkė';
UPDATE animal SET breed = 350 WHERE name = 'Javainis';
UPDATE animal SET breed = 422 WHERE name = 'Pitoncas';

ALTER TYPE gender ADD VALUE '1';
ALTER TYPE gender ADD VALUE '2';
UPDATE animal SET gender = '1' WHERE gender = 'female';
UPDATE animal SET gender = '2' WHERE gender = 'male';
ALTER TYPE gender RENAME TO gender_old;

CREATE TYPE gender AS ENUM ('1', '2', '3', '4');
ALTER TABLE animal ALTER COLUMN gender TYPE gender USING gender::text::gender;
DROP TYPE gender_old;

CREATE TABLE gender_translations (
    gender gender,
    language VARCHAR(4),
    translation VARCHAR(20)
);

INSERT INTO gender_translations (gender, language, translation) VALUES
('1', 'lt', 'Patelė'),
('2', 'lt', 'Patinas'),
('3', 'lt', 'Kastruota patelė'),
('4', 'lt', 'Kastruotas patinas');
